[
  {
    "id": "576a6505-0383-42d4-a9b2-d4f4757df6e5",
    "data": [
      {
        "text": "why not",
        "userDefined": false
      }
    ],
    "isTemplate": false,
    "count": 0,
    "lang": "en",
    "updated": 0
  },
  {
    "id": "7820696d-d3b4-4793-b19c-e4e0cc2fe8bd",
    "data": [
      {
        "text": "yes , i will pay through cash",
        "userDefined": false
      }
    ],
    "isTemplate": false,
    "count": 0,
    "lang": "en",
    "updated": 0
  },
  {
    "id": "a7c1544d-d095-454c-9c45-a92342368166",
    "data": [
      {
        "text": "yes",
        "userDefined": false
      }
    ],
    "isTemplate": false,
    "count": 0,
    "lang": "en",
    "updated": 0
  }
]