[
  {
    "id": "f4614742-652b-4835-b150-7462a0163318",
    "data": [
      {
        "text": "I need pizza",
        "userDefined": false
      }
    ],
    "isTemplate": false,
    "count": 0,
    "lang": "en",
    "updated": 0
  },
  {
    "id": "a042eadc-19ce-41b8-bc36-89cd67492cf4",
    "data": [
      {
        "text": "new street , zip-code -272207 , Siddharthnagar",
        "meta": "@sys.zip-code",
        "alias": "zip-code",
        "userDefined": true
      }
    ],
    "isTemplate": false,
    "count": 0,
    "lang": "en",
    "updated": 0
  },
  {
    "id": "019e176a-95f5-4c3b-b622-bd465037886d",
    "data": [
      {
        "text": "I want ",
        "userDefined": false
      },
      {
        "text": "two",
        "meta": "@sys.number",
        "alias": "number",
        "userDefined": false
      },
      {
        "text": " ",
        "userDefined": false
      },
      {
        "text": "large",
        "meta": "@size",
        "alias": "size",
        "userDefined": false
      },
      {
        "text": " pizza with ",
        "userDefined": false
      },
      {
        "text": "normal",
        "meta": "@PizzaCrustOptions",
        "alias": "pizzacrustoptions",
        "userDefined": false
      },
      {
        "text": " curst with cheese topping ",
        "userDefined": false
      },
      {
        "text": "at 9.00",
        "meta": "@sys.time",
        "alias": "time",
        "userDefined": false
      },
      {
        "text": " pm ",
        "userDefined": false
      },
      {
        "text": "today",
        "meta": "@sys.date-time",
        "alias": "date-time",
        "userDefined": false
      }
    ],
    "isTemplate": false,
    "count": 0,
    "lang": "en",
    "updated": 0
  },
  {
    "id": "e133f197-01f6-43e4-bffc-2d75787cbfa6",
    "data": [
      {
        "text": "I want ",
        "userDefined": false
      },
      {
        "text": "8",
        "meta": "@sys.number",
        "alias": "number",
        "userDefined": false
      },
      {
        "text": " ",
        "userDefined": false
      },
      {
        "text": "medium",
        "meta": "@size",
        "alias": "size",
        "userDefined": false
      },
      {
        "text": " ",
        "userDefined": false
      },
      {
        "text": "normal",
        "meta": "@PizzaCrustOptions",
        "alias": "pizzacrustoptions",
        "userDefined": false
      },
      {
        "text": " pizzas with ",
        "userDefined": false
      },
      {
        "text": "three",
        "meta": "@sys.number",
        "alias": "number",
        "userDefined": false
      },
      {
        "text": " toppings: ",
        "userDefined": false
      },
      {
        "text": "chicken",
        "meta": "@Toppings",
        "alias": "toppings",
        "userDefined": false
      },
      {
        "text": ", ",
        "userDefined": false
      },
      {
        "text": "cheese",
        "meta": "@Toppings",
        "alias": "toppings1",
        "userDefined": false
      },
      {
        "text": ", and ",
        "userDefined": false
      },
      {
        "text": "onion",
        "meta": "@Toppings",
        "alias": "toppings2",
        "userDefined": false
      },
      {
        "text": ". I need them ",
        "userDefined": false
      },
      {
        "text": "delivered",
        "meta": "@Delivery-Pickup",
        "alias": "delivery-pickup",
        "userDefined": false
      },
      {
        "text": " to our ",
        "userDefined": false
      },
      {
        "text": "home",
        "meta": "@Delivery-Pickup",
        "alias": "delivery-pickup1",
        "userDefined": false
      },
      {
        "text": " at 444 new street, pin code ",
        "userDefined": false
      },
      {
        "text": "272207",
        "meta": "@sys.zip-code",
        "alias": "zip-code",
        "userDefined": true
      },
      {
        "text": " ",
        "userDefined": false
      },
      {
        "text": "by",
        "userDefined": true
      },
      {
        "text": " ",
        "userDefined": false
      },
      {
        "text": "6:30 PM",
        "meta": "@sys.time",
        "alias": "time",
        "userDefined": true
      },
      {
        "text": " on ",
        "userDefined": false
      },
      {
        "text": "Saturday",
        "meta": "@sys.date-time",
        "alias": "date-time",
        "userDefined": true
      },
      {
        "text": ".",
        "userDefined": false
      }
    ],
    "isTemplate": false,
    "count": 0,
    "lang": "en",
    "updated": 0
  },
  {
    "id": "eee97e1c-b885-4482-8d2e-bbd7429746a7",
    "data": [
      {
        "text": "Two",
        "meta": "@sys.number",
        "alias": "number",
        "userDefined": false
      },
      {
        "text": " ",
        "userDefined": false
      },
      {
        "text": "large",
        "meta": "@size",
        "alias": "size",
        "userDefined": false
      },
      {
        "text": " pizzas with ",
        "userDefined": false
      },
      {
        "text": "margherita",
        "meta": "@Toppings",
        "alias": "toppings",
        "userDefined": false
      },
      {
        "text": " and ",
        "userDefined": false
      },
      {
        "text": "corn",
        "meta": "@Toppings",
        "alias": "toppings1",
        "userDefined": false
      }
    ],
    "isTemplate": false,
    "count": 0,
    "lang": "en",
    "updated": 0
  },
  {
    "id": "8e099c9c-9fe9-4c2f-a317-b80cf820e6c2",
    "data": [
      {
        "text": "I want ",
        "userDefined": false
      },
      {
        "text": "a",
        "meta": "@sys.number",
        "alias": "number",
        "userDefined": true
      },
      {
        "text": " ",
        "userDefined": false
      },
      {
        "text": "large",
        "meta": "@size",
        "alias": "size",
        "userDefined": false
      },
      {
        "text": " pizza with ",
        "userDefined": false
      },
      {
        "text": "normal",
        "meta": "@PizzaCrustOptions",
        "alias": "pizzacrustoptions",
        "userDefined": false
      },
      {
        "text": " crust and ",
        "userDefined": false
      },
      {
        "text": "three",
        "meta": "@sys.number",
        "alias": "number",
        "userDefined": false
      },
      {
        "text": " toppings: ",
        "userDefined": false
      },
      {
        "text": "chicken",
        "meta": "@Toppings",
        "alias": "toppings",
        "userDefined": false
      },
      {
        "text": ", ",
        "userDefined": false
      },
      {
        "text": "onion",
        "meta": "@Toppings",
        "alias": "toppings1",
        "userDefined": false
      },
      {
        "text": ", ",
        "userDefined": false
      },
      {
        "text": "cheese",
        "meta": "@Toppings",
        "alias": "toppings2",
        "userDefined": false
      },
      {
        "text": ".",
        "userDefined": false
      }
    ],
    "isTemplate": false,
    "count": 1,
    "lang": "en",
    "updated": 0
  }
]