[
  {
    "value": "pepperoni",
    "synonyms": [
      "pepperoni",
      "Pepperoni"
    ]
  },
  {
    "value": "mushroom",
    "synonyms": [
      "mushroom",
      "Mushroom"
    ]
  },
  {
    "value": "onion",
    "synonyms": [
      "onion",
      "Onion"
    ]
  },
  {
    "value": "farmhouse",
    "synonyms": [
      "farmhouse",
      "Farmhouse"
    ]
  },
  {
    "value": "margherita",
    "synonyms": [
      "margherita",
      "Margherita"
    ]
  },
  {
    "value": "cheese",
    "synonyms": [
      "cheese",
      "Cheese"
    ]
  },
  {
    "value": "corn",
    "synonyms": [
      "corn",
      "Corn"
    ]
  },
  {
    "value": "chicken",
    "synonyms": [
      "chicken",
      "Chicken"
    ]
  }
]